Type,Name,Request Count,Failure Count,Median Response Time,Average Response Time,Min Response Time,Max Response Time,Average Content Size,Requests/s,Failures/s,50%,66%,75%,80%,90%,95%,98%,99%,99.9%,99.99%,100%
GET,/search,106884,76902,320.0,363.18145441127,214.82945900061168,40656.112791009946,58157.61187829797,118.88637367563103,85.53759129900993,320,350,380,410,510,590,930,980,1400,2300,41000
GET,/video/comments,267345,10722,510.0,572.388983629159,214.87241698196158,41640.008916991064,100684.00648226075,297.3660938055423,11.926010427660978,510,540,570,600,860,1100,1100,1200,1500,2100,42000
,Aggregated,374229,87624,490.0,512.6369666745018,214.82945900061168,41640.008916991064,88537.99117919776,416.2524674811733,97.46360172667092,490,520,540,560,730,1100,1100,1200,1500,2100,42000
