Type,Name,Request Count,Failure Count,Median Response Time,Average Response Time,Min Response Time,Max Response Time,Average Content Size,Requests/s,Failures/s,50%,66%,75%,80%,90%,95%,98%,99%,99.9%,99.99%,100%
GET,/search,15543,2,430.0,537.5856371192556,252.43737499113195,4305.757958005415,207609.11400630508,17.286251305500148,0.0022243133636363826,430,480,840,900,940,970,1000,1100,2600,4300,4300
GET,/video/comments,38566,0,510.0,659.1802147904184,408.05649998947047,5783.537999988766,104741.67219830939,42.89143459100037,0.0,510,570,960,1000,1100,1100,1200,1200,1900,5600,5800
,Aggregated,54109,2,500.0,624.2517459452541,252.43737499113195,5783.537999988766,134290.70559426342,60.17768589650052,0.0022243133636363826,500,550,880,950,1100,1100,1100,1200,2200,4600,5800
