{
  "timestamp": "20251025_143255",
  "analyses": {
    "Incremental_Batch_Sizes": {
      "total_requests": 6,
      "successful_requests": 6,
      "failed_requests": 0,
      "success_rate_pct": 100.0,
      "total_comments": 600,
      "avg_response_time_ms": 1431.3152233759563,
      "median_response_time_ms": 1189.8030042648315,
      "min_response_time_ms": 657.1979522705078,
      "max_response_time_ms": 3075.7153034210205,
      "p95_response_time_ms": 3075.7153034210205,
      "avg_time_per_comment_ms": 14.313152233759562,
      "total_processing_time_s": 8.587891340255737
    },
    "Multiple_Requests_10K": {
      "total_requests": 100,
      "successful_requests": 100,
      "failed_requests": 0,
      "success_rate_pct": 100.0,
      "total_comments": 10000,
      "avg_response_time_ms": 1083.1868529319763,
      "median_response_time_ms": 1136.7204189300537,
      "min_response_time_ms": 568.6147212982178,
      "max_response_time_ms": 2632.6746940612793,
      "p95_response_time_ms": 1537.8732562065125,
      "avg_time_per_comment_ms": 10.831868529319763,
      "total_processing_time_s": 108.31868529319763
    }
  },
  "summary": {
    "total_tests": 106,
    "total_comments": 10600
  }
}