Type,Name,Request Count,Failure Count,Median Response Time,Average Response Time,Min Response Time,Max Response Time,Average Content Size,Requests/s,Failures/s,50%,66%,75%,80%,90%,95%,98%,99%,99.9%,99.99%,100%
GET,/search,19610,0,390.0,461.57433010917384,233.89491700800136,2999.0130419901107,207236.0,109.34762669929128,0.0,390,440,470,500,790,950,1000,1100,1500,2000,3000
GET,/video/comments,49429,0,530.0,594.958086528785,405.22733400575817,2261.6922500019427,104876.0,275.6218174461636,0.0,530,550,580,610,910,1100,1200,1200,1600,2000,2300
,Aggregated,69039,0,510.0,557.0714505203152,233.89491700800136,2999.0130419901107,133950.5752400817,384.96944414545493,0.0,510,540,570,590,880,1100,1100,1200,1600,2000,3000
