Type,Name,Request Count,Failure Count,Median Response Time,Average Response Time,Min Response Time,Max Response Time,Average Content Size,Requests/s,Failures/s,50%,66%,75%,80%,90%,95%,98%,99%,99.9%,99.99%,100%
GET,/search,23722,441,610.0,800.7988061905418,143.22958400589414,8255.813750001835,198996.3229491611,132.05411963625812,2.4549307292635456,610,840,1000,1100,1500,1800,2200,2400,4100,7500,8300
GET,/video/comments,58904,1482,710.0,875.2302043476034,144.05987499048933,19564.983916003257,102229.53407238897,327.9030378152832,8.249903267048921,710,880,1100,1100,1400,1700,2100,2400,3800,5800,20000
,Aggregated,82626,1923,690.0,853.8608820146616,143.22958400589414,19564.983916003257,130011.36746302617,459.9571574515413,10.704833996312468,690,870,1000,1100,1400,1700,2100,2400,3800,7000,20000
