Type,Name,Request Count,Failure Count,Median Response Time,Average Response Time,Min Response Time,Max Response Time,Average Content Size,Requests/s,Failures/s,50%,66%,75%,80%,90%,95%,98%,99%,99.9%,99.99%,100%
GET,/search,34534,7,310.0,407.3225386048564,190.37862500408664,3494.223959016381,132411.90180691492,38.409277128801,0.00778551398336732,310,350,400,460,850,910,940,980,1900,3400,3500
GET,/video/comments,85389,22,500.0,600.2180704053812,394.5016670040786,3372.3790840012953,104834.99216526719,94.97103621796458,0.02446875823344015,500,530,570,620,1100,1100,1100,1200,1800,2800,3400
,Aggregated,119923,29,490.0,544.6703081312628,190.37862500408664,3494.223959016381,112776.26279362591,133.38031334676558,0.03225427221680747,490,520,550,600,1000,1100,1100,1200,1900,3000,3500
