{
  "overall_stats": {
    "test_duration_seconds": 56.067933797836304,
    "total_requests": 60,
    "successful_requests": 60,
    "failed_requests": 0,
    "success_rate": 100.0,
    "videos_tested": 3,
    "avg_response_time": 430.10838826497394,
    "median_response_time": 462.7499580383301,
    "min_response_time": 218.94001960754395,
    "max_response_time": 2696.3672637939453,
    "std_dev": 322.5163355620996,
    "p95": 570.713996887207,
    "p99": 2696.3672637939453
  },
  "video_results": [
    {
      "video_id": "dQw4w9WgXcQ",
      "video_name": "Music Video - High Engagement",
      "content_type": "Music",
      "response_times": [
        2696.3672637939453,
        516.6230201721191,
        261.20877265930176,
        497.1587657928467,
        483.9739799499512,
        529.7858715057373,
        261.3070011138916,
        471.5561866760254,
        259.17792320251465,
        259.2968940734863,
        489.00508880615234,
        222.89204597473145,
        464.11705017089844,
        260.0991725921631,
        511.721134185791,
        258.1939697265625,
        331.5160274505615,
        477.5381088256836,
        567.9442882537842,
        465.1141166687012
      ],
      "total_comments": [
        100,
        100,
        100,
        100,
        100,
        100,
        100,
        100,
        100,
        100,
        100,
        100,
        100,
        100,
        100,
        100,
        100,
        100,
        100,
        100
      ],
      "sentiment_distribution": {
        "POSITIVE": 0,
        "NEGATIVE": 0,
        "NEUTRAL": 0
      },
      "errors": 0,
      "successful_requests": 20,
      "avg_response_time": 514.2298340797424,
      "median_response_time": 468.3351516723633,
      "min_response_time": 222.89204597473145,
      "max_response_time": 2696.3672637939453,
      "std_dev": 527.2185108994082,
      "avg_comments": 100
    },
    {
      "video_id": "jNQXAC9IVRw",
      "video_name": "Educational - Me at the zoo",
      "content_type": "Documentary",
      "response_times": [
        570.8379745483398,
        237.9288673400879,
        456.3870429992676,
        240.22293090820312,
        239.52794075012207,
        251.63602828979492,
        479.59280014038086,
        511.5170478820801,
        459.3539237976074,
        252.4878978729248,
        559.1049194335938,
        267.53997802734375,
        235.36205291748047,
        476.2580394744873,
        461.3828659057617,
        230.63230514526367,
        221.41623497009277,
        494.86804008483887,
        235.18610000610352,
        479.6299934387207
      ],
      "total_comments": [
        100,
        100,
        100,
        100,
        100,
        100,
        100,
        100,
        100,
        100,
        100,
        100,
        100,
        100,
        100,
        100,
        100,
        100,
        100,
        100
      ],
      "sentiment_distribution": {
        "POSITIVE": 0,
        "NEGATIVE": 0,
        "NEUTRAL": 0
      },
      "errors": 0,
      "successful_requests": 20,
      "avg_response_time": 368.04364919662476,
      "median_response_time": 361.96351051330566,
      "min_response_time": 221.41623497009277,
      "max_response_time": 570.8379745483398,
      "std_dev": 133.41359200034802,
      "avg_comments": 100
    },
    {
      "video_id": "9bZkp7q19f0",
      "video_name": "Music - Gangnam Style",
      "content_type": "Music",
      "response_times": [
        570.713996887207,
        512.0980739593506,
        456.1750888824463,
        277.1601676940918,
        493.18933486938477,
        256.40869140625,
        226.4101505279541,
        529.2820930480957,
        218.94001960754395,
        470.55530548095703,
        502.25281715393066,
        227.9512882232666,
        461.108922958374,
        492.2051429748535,
        471.7390537261963,
        503.48711013793945,
        225.13318061828613,
        317.1560764312744,
        476.75013542175293,
        472.3169803619385
      ],
      "total_comments": [
        100,
        100,
        100,
        100,
        100,
        100,
        100,
        100,
        100,
        100,
        100,
        100,
        100,
        100,
        100,
        100,
        100,
        100,
        100,
        100
      ],
      "sentiment_distribution": {
        "POSITIVE": 0,
        "NEGATIVE": 0,
        "NEUTRAL": 0
      },
      "errors": 0,
      "successful_requests": 20,
      "avg_response_time": 408.0516815185547,
      "median_response_time": 471.14717960357666,
      "min_response_time": 218.94001960754395,
      "max_response_time": 570.713996887207,
      "std_dev": 123.3905031607669,
      "avg_comments": 100
    }
  ],
  "test_videos": [
    {
      "id": "dQw4w9WgXcQ",
      "name": "Music Video - High Engagement",
      "description": "Rick Astley - Classic music video with mixed sentiments",
      "expected_comments": "High",
      "content_type": "Music"
    },
    {
      "id": "jNQXAC9IVRw",
      "name": "Educational - Me at the zoo",
      "description": "First YouTube video - Historical, nostalgic comments",
      "expected_comments": "Medium",
      "content_type": "Documentary"
    },
    {
      "id": "9bZkp7q19f0",
      "name": "Music - Gangnam Style",
      "description": "Viral music video - International, diverse comments",
      "expected_comments": "Very High",
      "content_type": "Music"
    }
  ],
  "timestamp": "20251026_212004"
}